entityTypeReference,entityId,entityNumber,entityName,stageId,workflowId,workflow,stage,createdBy,updatedBy,createdDateTime,createdDate,createdYear,createdMonth,createdMonthNumber,createdQuarter,updatedDateTime,updatedDate,updatedYear,updatedMonth,updatedMonthNumber,updatedQuarter,timeZoneID,orgId,orgName,parentOrgID,createdByUserEmail
data_category_3255_1_558950,82524fdb-3ae8-4af7-8541-80de3e7f1e76,de_3255_558950,425af2c3-afb9-4ded-bf39-74469db9ac40,new_data_subject_3255_558950,4a8d6011-a17f-4bda-887a-c470ef60dfde,Inventory,Inventory,PersonalDataSourceInventory,2026-03-27T00:44:37.000+00:00,,,,data_category_desc_3255_558950,82524fdb-3ae8-4af7-8541-80de3e7f1e76,82524fdb-3ae8-4af7-8541-80de3e7f1e76Desc,new_data_subject_3255_desc_558950,4a8d6011-a17f-4bda-887a-c470ef60dfde,4a8d6011-a17f-4bda-887a-c470ef60dfdeDesc,af59713d366165fb411b806e8b11e225,3ee20012-eaa2-4275-9405-18c9fde53505,asset_558950,3027,Assets,20,https://Inventory/assets/3ee20012-eaa2-4275-9405-18c9fde53505,b99df4a4-2bf5-4c08-9483-bd636470bc11,OTAuto02,b99df4a4-2bf5-4c08-9483-bd636470bc11
data_category_3255_1_8896235,e09e133b-7b92-46f2-bafb-eda33f7ebecd,de_3255_8896235,53f06f65-5754-46d7-b14e-e4602a3e833d,new_data_subject_3255_8896235,f756b958-9b07-4dd0-91fa-e08d462fb03e,Inventory,Inventory,PersonalDataSourceInventory,2026-03-24T23:59:27.000+00:00,,,,data_category_desc_3255_8896235,e09e133b-7b92-46f2-bafb-eda33f7ebecd,e09e133b-7b92-46f2-bafb-eda33f7ebecdDesc,new_data_subject_3255_desc_8896235,f756b958-9b07-4dd0-91fa-e08d462fb03e,f756b958-9b07-4dd0-91fa-e08d462fb03eDesc,4920238349b778c85c8a8c1b9cc73d9c,0ec505f9-ba70-4513-9e29-0768ee6adfac,asset_8896235,1881,Assets,20,https://Inventory/assets/0ec505f9-ba70-4513-9e29-0768ee6adfac,b99df4a4-2bf5-4c08-9483-bd636470bc11,OTAuto02,b99df4a4-2bf5-4c08-9483-bd636470bc11
data_category_3255_1_5089207,f5176f0c-0a53-438e-8032-9a13c48aea94,de_3255_5089207,19110ffa-4013-47f7-a982-5f14f07d4e05,new_data_subject_3255_5089207,5823f529-2a3c-4286-843c-fb89b0ef7a3c,Inventory,Inventory,PersonalDataSourceInventory,2026-03-20T01:10:58.000+00:00,,,,data_category_desc_3255_5089207,f5176f0c-0a53-438e-8032-9a13c48aea94,f5176f0c-0a53-438e-8032-9a13c48aea94Desc,new_data_subject_3255_desc_5089207,5823f529-2a3c-4286-843c-fb89b0ef7a3c,5823f529-2a3c-4286-843c-fb89b0ef7a3cDesc,82e805e5f71d4a3fd270aa6a9009ad1e,6f731c31-e96e-4a15-8438-2268dc7af4fe,asset_5089207,1000,Assets,20,https://Inventory/assets/6f731c31-e96e-4a15-8438-2268dc7af4fe,b99df4a4-2bf5-4c08-9483-bd636470bc11,OTAuto02,b99df4a4-2bf5-4c08-9483-bd636470bc11
,,,,,,,,,,,,,,,,,,,38831c5441371b905fa067d7939802b8,b7d3f54e-9f06-472f-94c6-5c86bc6bfaa6,cosmos_trigger_8417487,1,Assets,20,https://Inventory/assets/b7d3f54e-9f06-472f-94c6-5c86bc6bfaa6,b99df4a4-2bf5-4c08-9483-bd636470bc11,OTAuto02,b99df4a4-2bf5-4c08-9483-bd636470bc11
,,,,,,,,,,,,,,,,,,,8d90ff7a0f10c93d2bc3e7d242c525fa,33d83d0f-4d89-4187-bb77-679e22d794e4,pa_3215_master_2122230,1058,Processing Activities,30,https://Inventory/processing-activities/33d83d0f-4d89-4187-bb77-679e22d794e4,b99df4a4-2bf5-4c08-9483-bd636470bc11,OTAuto02,b99df4a4-2bf5-4c08-9483-bd636470bc11
,,,,,,,,,,,,,,,,,,,dc951e488acf2101f8326e2ce932c9ec,6c0a93a2-2982-42e3-bf8a-1c3cf626cbe6,pa_3215_master_4899324,435,Processing Activities,30,https://Inventory/processing-activities/6c0a93a2-2982-42e3-bf8a-1c3cf626cbe6,b99df4a4-2bf5-4c08-9483-bd636470bc11,OTAuto02,b99df4a4-2bf5-4c08-9483-bd636470bc11
,,,,,,,,,,,,,,,,,,,43bbaa4e185ca66e23e4683d922a6265,7ef565e8-fafe-44ab-87c1-89e347de6c67,pa_3215_master_4898863,1706,Processing Activities,30,https://Inventory/processing-activities/7ef565e8-fafe-44ab-87c1-89e347de6c67,b99df4a4-2bf5-4c08-9483-bd636470bc11,OTAuto02,b99df4a4-2bf5-4c08-9483-bd636470bc11
,,,,,,,,,,,,,,,,,,,929bb946b94dc85f4e134417923dca20,01e9c2d9-7167-4a4b-bcac-03a8c5c93469,Vendor_20260406060600-2e7gue,1865,Vendors,50,https://Inventory/vendors/01e9c2d9-7167-4a4b-bcac-03a8c5c93469,b99df4a4-2bf5-4c08-9483-bd636470bc11,OTAuto02,b99df4a4-2bf5-4c08-9483-bd636470bc11
,,,,,,,,,,,,,,,,,,,be9933c63d078beecc340edcadf5da43,06e64ceb-85f0-488a-b1a1-6390292046d5,Vendor_20260406060607-4ed5vj,1867,Vendors,50,https://Inventory/vendors/06e64ceb-85f0-488a-b1a1-6390292046d5,b99df4a4-2bf5-4c08-9483-bd636470bc11,OTAuto02,b99df4a4-2bf5-4c08-9483-bd636470bc11
,,,,,,,,,,,,,,,,,,,f4b7b2e2fc51d3c307d2d1eb633f177a,086088cd-31dc-4e0d-a313-30a93b79b527,Vendor_parent_change_20260406060607-4ed5vj,1868,Vendors,50,https://Inventory/vendors/086088cd-31dc-4e0d-a313-30a93b79b527,b99df4a4-2bf5-4c08-9483-bd636470bc11,OTAuto02,b99df4a4-2bf5-4c08-9483-bd636470bc11
,,,,,,,,,,,,,,,,,,,d0279ceae836ba73003febfb19292ba2,1b4358a0-a8c9-4d11-80ef-67770ad7ecbd,Vendor_20260406060455-upfcq7,1863,Vendors,50,https://Inventory/vendors/1b4358a0-a8c9-4d11-80ef-67770ad7ecbd,b99df4a4-2bf5-4c08-9483-bd636470bc11,OTAuto02,b99df4a4-2bf5-4c08-9483-bd636470bc11
,,,,,,,,,,,,,,,,,,,84fe4487e7991e78f577a8b693373a4e,25d0ba96-d31d-4265-96aa-11c122eb8b61,Vendor_20260406055429-y7yx7e,1860,Vendors,50,https://Inventory/vendors/25d0ba96-d31d-4265-96aa-11c122eb8b61,b99df4a4-2bf5-4c08-9483-bd636470bc11,OTAuto02,b99df4a4-2bf5-4c08-9483-bd636470bc11
,,,,,,,,,,,,,,,,,,,ccb16f31eb451f4c36272955543c9404,654461d5-34cc-4bc1-aea1-55ff52dc54bc,Vendor_20260406055301-kheklo,1859,Vendors,50,https://Inventory/vendors/654461d5-34cc-4bc1-aea1-55ff52dc54bc,b99df4a4-2bf5-4c08-9483-bd636470bc11,OTAuto02,b99df4a4-2bf5-4c08-9483-bd636470bc11
,,,,,,,,,,,,,,,,,,,9e8b5b9542e1762abac6daa0cf845638,707314b8-2d0a-47b4-a327-5ac6ff6ed879,Vendor_parent_change_20260406060620-tsf49h,1870,Vendors,50,https://Inventory/vendors/707314b8-2d0a-47b4-a327-5ac6ff6ed879,b99df4a4-2bf5-4c08-9483-bd636470bc11,OTAuto02,b99df4a4-2bf5-4c08-9483-bd636470bc11
,,,,,,,,,,,,,,,,,,,c59a1733250327b7621b662de72409c5,7d19e9a4-936e-48cb-8f88-28ac1f2b3f2a,Vendor_20260406060620-tsf49h,1869,Vendors,50,https://Inventory/vendors/7d19e9a4-936e-48cb-8f88-28ac1f2b3f2a,b99df4a4-2bf5-4c08-9483-bd636470bc11,OTAuto02,b99df4a4-2bf5-4c08-9483-bd636470bc11
,,,,,,,,,,,,,,,,,,,0fb463ec20b49e42c89dacf8ed100cc2,875ea49f-03ae-4b87-bf83-16a3ad0acf0a,Vendor_20260406060502-fhskgn,1864,Vendors,50,https://Inventory/vendors/875ea49f-03ae-4b87-bf83-16a3ad0acf0a,b99df4a4-2bf5-4c08-9483-bd636470bc11,OTAuto02,b99df4a4-2bf5-4c08-9483-bd636470bc11
,,,,,,,,,,,,,,,,,,,0d662556d78986e77e49b7d7d348ca02,88a1812b-7efa-415b-9f9d-c271c5fcf6bb,Vendor_parent_change_20260406060600-2e7gue,1866,Vendors,50,https://Inventory/vendors/88a1812b-7efa-415b-9f9d-c271c5fcf6bb,b99df4a4-2bf5-4c08-9483-bd636470bc11,OTAuto02,b99df4a4-2bf5-4c08-9483-bd636470bc11
,,,,,,,,,,,,,,,,,,,992fa0b5f040f7e5a1556429d6c07cac,f1314cad-b7e5-4a43-8ec7-0a5b0f1144c7,Vendor_parent_change_20260406055429-y7yx7e,1861,Vendors,50,https://Inventory/vendors/f1314cad-b7e5-4a43-8ec7-0a5b0f1144c7,b99df4a4-2bf5-4c08-9483-bd636470bc11,OTAuto02,b99df4a4-2bf5-4c08-9483-bd636470bc11
,,,,,,,,,,,,,,,,,,,03c6f027b9bef74fd74d6eaf597c8464,fbd326dc-fe72-46f9-8332-8aff5453081c,Vendor_20260406060454-fvzft8,1862,Vendors,50,https://Inventory/vendors/fbd326dc-fe72-46f9-8332-8aff5453081c,b99df4a4-2bf5-4c08-9483-bd636470bc11,OTAuto02,b99df4a4-2bf5-4c08-9483-bd636470bc11
,,,,,,,,,,,,,,,,,,,1133eba114c43266a10fb632ab3e58da,0979e0ab-7ac3-4310-b52c-1999cef06b44,Vendor_20260406050628-70q7ta,1854,Vendors,50,https://Inventory/vendors/0979e0ab-7ac3-4310-b52c-1999cef06b44,b99df4a4-2bf5-4c08-9483-bd636470bc11,OTAuto02,b99df4a4-2bf5-4c08-9483-bd636470bc11
,,,,,,,,,,,,,,,,,,,257435a3d9d9d504c68666015d3cd51c,2a99bd54-3d50-4f13-8e33-d5aae32b0ae8,Vendor_20260406050825-yihm7j,1857,Vendors,50,https://Inventory/vendors/2a99bd54-3d50-4f13-8e33-d5aae32b0ae8,b99df4a4-2bf5-4c08-9483-bd636470bc11,OTAuto02,b99df4a4-2bf5-4c08-9483-bd636470bc11
,,,,,,,,,,,,,,,,,,,50dfff5d0320a81f9d66435996ff80ba,8d089a4f-b86d-4310-b65d-ac88e1342a63,Vendor_20260406050819-exyrab,1855,Vendors,50,https://Inventory/vendors/8d089a4f-b86d-4310-b65d-ac88e1342a63,b99df4a4-2bf5-4c08-9483-bd636470bc11,OTAuto02,b99df4a4-2bf5-4c08-9483-bd636470bc11
,,,,,,,,,,,,,,,,,,,082cefaedf491c592df96962df14e12a,9b801789-39b6-467f-8447-d2580a620486,Vendor_parent_change_20260406050819-exyrab,1856,Vendors,50,https://Inventory/vendors/9b801789-39b6-467f-8447-d2580a620486,b99df4a4-2bf5-4c08-9483-bd636470bc11,OTAuto02,b99df4a4-2bf5-4c08-9483-bd636470bc11
,,,,,,,,,,,,,,,,,,,caec011adf4fdd01dfea41ebac346def,cb1a488a-4e09-4bdc-a3ac-b4f2ed602eb5,Vendor_20260406050626-ssbh77,1853,Vendors,50,https://Inventory/vendors/cb1a488a-4e09-4bdc-a3ac-b4f2ed602eb5,b99df4a4-2bf5-4c08-9483-bd636470bc11,OTAuto02,b99df4a4-2bf5-4c08-9483-bd636470bc11
,,,,,,,,,,,,,,,,,,,294094c728930f175f63a2091c8e6df3,f1697eaf-931c-4370-9227-452041f4c666,Vendor_parent_change_20260406050825-yihm7j,1858,Vendors,50,https://Inventory/vendors/f1697eaf-931c-4370-9227-452041f4c666,b99df4a4-2bf5-4c08-9483-bd636470bc11,OTAuto02,b99df4a4-2bf5-4c08-9483-bd636470bc11
,,,,,,,,,,,,,,,,,,,18048de43085af3b98f23e282ac01bad,230918e8-cb75-4fbc-859e-e9d25976a235,asset_1990566,3355,Assets,20,https://Inventory/assets/230918e8-cb75-4fbc-859e-e9d25976a235,b99df4a4-2bf5-4c08-9483-bd636470bc11,OTAuto02,b99df4a4-2bf5-4c08-9483-bd636470bc11
,,,,,,,,,,,,,,,,,,,81baf8009b25d1983f4096ae1d7758f8,5e73105a-79ad-45aa-b456-c887ed3db9ee,asset_2812240_rep,3349,Assets,20,https://Inventory/assets/5e73105a-79ad-45aa-b456-c887ed3db9ee,b99df4a4-2bf5-4c08-9483-bd636470bc11,OTAuto02,b99df4a4-2bf5-4c08-9483-bd636470bc11
,,,,,,,,,,,,,,,,,,,6cdb1eb78c1c056feb25220ad4d4df26,dea60936-a01d-4be2-9542-301368cd5429,asset_5238597,3348,Assets,20,https://Inventory/assets/dea60936-a01d-4be2-9542-301368cd5429,b99df4a4-2bf5-4c08-9483-bd636470bc11,OTAuto02,b99df4a4-2bf5-4c08-9483-bd636470bc11
,,,,,,,,,,,,,,,,,,,b49a4a796283896226f33833232b5cd3,88b25a5f-226c-40d8-afb7-2e00641c8b91,asset_1_3631531,3360,Assets,20,https://Inventory/assets/88b25a5f-226c-40d8-afb7-2e00641c8b91,b99df4a4-2bf5-4c08-9483-bd636470bc11,OTAuto02,b99df4a4-2bf5-4c08-9483-bd636470bc11
,,,,,,,,,,,,,,,,,,,ef698dd233684f8e0379adb5062d9b0a,c0eb1826-089b-4338-9f73-5004ff91a93d,asset_2999198,3359,Assets,20,https://Inventory/assets/c0eb1826-089b-4338-9f73-5004ff91a93d,b99df4a4-2bf5-4c08-9483-bd636470bc11,OTAuto02,b99df4a4-2bf5-4c08-9483-bd636470bc11
,,,,,,,,,,,,,,,,,,,00a3551c79b4b728fbba15285ebc1ced,b6c63e43-c25c-47ad-be13-6d2d4d0795f3,asset_216438,3358,Assets,20,https://Inventory/assets/b6c63e43-c25c-47ad-be13-6d2d4d0795f3,b99df4a4-2bf5-4c08-9483-bd636470bc11,OTAuto02,b99df4a4-2bf5-4c08-9483-bd636470bc11
,,,,,,,,,,,,,,,,,,,bc33f78cf01d464b4a4a9b4666125f94,47c49dd1-d864-4dfd-83f2-baf867322357,asset3_3029572,3354,Assets,20,https://Inventory/assets/47c49dd1-d864-4dfd-83f2-baf867322357,b99df4a4-2bf5-4c08-9483-bd636470bc11,OTAuto02,b99df4a4-2bf5-4c08-9483-bd636470bc11
,,,,,,,,,,,,,,,,,,,e73148833802f147fe349cc4a989cf0e,5eb98ffa-b2b2-4076-b9c4-4906c44fb7fd,asset_3029572,3352,Assets,20,https://Inventory/assets/5eb98ffa-b2b2-4076-b9c4-4906c44fb7fd,b99df4a4-2bf5-4c08-9483-bd636470bc11,OTAuto02,b99df4a4-2bf5-4c08-9483-bd636470bc11
,,,,,,,,,,,,,,,,,,,d9271330a62cd63f1279b6e58a5982a8,af06c29a-96ab-47ad-8c9d-0503327ba864,asset2_3029572,3353,Assets,20,https://Inventory/assets/af06c29a-96ab-47ad-8c9d-0503327ba864,b99df4a4-2bf5-4c08-9483-bd636470bc11,OTAuto02,b99df4a4-2bf5-4c08-9483-bd636470bc11
,,,,,,,,,,,,,,,,,,,9bedf3a50dffaf1570cd42bfbcf1e92b,c622a927-59bc-4606-b53f-021485d2cce3,vendor_2596509,1851,Vendors,50,https://Inventory/vendors/c622a927-59bc-4606-b53f-021485d2cce3,b99df4a4-2bf5-4c08-9483-bd636470bc11,OTAuto02,b99df4a4-2bf5-4c08-9483-bd636470bc11
,,,,,,,,,,,,,,,,,,,e3dfa7f8b63e632ef1b4a6a18b7ed26d,d8c90ad9-c7d7-4e88-863b-74612835fc94,vendor_8202604,1852,Vendors,50,https://Inventory/vendors/d8c90ad9-c7d7-4e88-863b-74612835fc94,b99df4a4-2bf5-4c08-9483-bd636470bc11,OTAuto02,b99df4a4-2bf5-4c08-9483-bd636470bc11
,,,,,,,,,,,,,,,,,,,1d07dbe26d4a5367ac6402dc66e47db0,3f6f740c-f9e2-4a34-b893-5054a5665ad3,asset_163271,3357,Assets,20,https://Inventory/assets/3f6f740c-f9e2-4a34-b893-5054a5665ad3,b99df4a4-2bf5-4c08-9483-bd636470bc11,OTAuto02,b99df4a4-2bf5-4c08-9483-bd636470bc11
,,,,,,,,,,,,,,,,,,,16943f7842626a743dedce27318ace7f,0c00a859-e16b-4d41-8786-998095804a54,asset_2253_5138809,3356,Assets,20,https://Inventory/assets/0c00a859-e16b-4d41-8786-998095804a54,b99df4a4-2bf5-4c08-9483-bd636470bc11,OTAuto02,b99df4a4-2bf5-4c08-9483-bd636470bc11
